{
  "main": {
    "id": "4f5c3386c1eaa48d",
    "type": "split",
    "children": [
      {
        "id": "a6c9101f3f73c1af",
        "type": "tabs",
        "children": [
          {
            "id": "7f2715e549f9e723",
            "type": "leaf",
            "state": {
              "type": "markdown",
              "state": {
                "file": "B3. Resources/Metodologia de Pesquisa para Ciência da Computação, Raul Sidnei WAZLAWICK.md",
                "mode": "preview",
                "source": false
              }
            }
          }
        ]
      }
    ],
    "direction": "vertical"
  },
  "left": {
    "id": "ffcb8d438805b2ca",
    "type": "split",
    "children": [
      {
        "id": "226ec1951b4f06b9",
        "type": "tabs",
        "children": [
          {
            "id": "4a614e8df56b4d41",
            "type": "leaf",
            "state": {
              "type": "file-explorer",
              "state": {
                "sortOrder": "alphabetical"
              }
            }
          },
          {
            "id": "d64b594c68b3edd0",
            "type": "leaf",
            "state": {
              "type": "search",
              "state": {
                "query": "",
                "matchingCase": false,
                "explainSearch": false,
                "collapseAll": false,
                "extraContext": false,
                "sortOrder": "alphabetical"
              }
            }
          },
          {
            "id": "0ee96d30bb63658d",
            "type": "leaf",
            "state": {
              "type": "bookmarks",
              "state": {}
            }
          }
        ]
      }
    ],
    "direction": "horizontal",
    "width": 200
  },
  "right": {
    "id": "385363c5713a11c3",
    "type": "split",
    "children": [
      {
        "id": "45f3504fdf28549c",
        "type": "tabs",
        "children": [
          {
            "id": "be683b61d59c5f5c",
            "type": "leaf",
            "state": {
              "type": "backlink",
              "state": {
                "file": "B3. Resources/Metodologia de Pesquisa para Ciência da Computação, Raul Sidnei WAZLAWICK.md",
                "collapseAll": true,
                "extraContext": true,
                "sortOrder": "alphabetical",
                "showSearch": true,
                "searchQuery": "",
                "backlinkCollapsed": false,
                "unlinkedCollapsed": true
              }
            }
          },
          {
            "id": "a5dde4c8b7bba7ac",
            "type": "leaf",
            "state": {
              "type": "outgoing-link",
              "state": {
                "file": "B3. Resources/Metodologia de Pesquisa para Ciência da Computação, Raul Sidnei WAZLAWICK.md",
                "linksCollapsed": false,
                "unlinkedCollapsed": true
              }
            }
          },
          {
            "id": "737ff1f1bc085023",
            "type": "leaf",
            "state": {
              "type": "tag",
              "state": {
                "sortOrder": "frequency",
                "useHierarchy": true
              }
            }
          },
          {
            "id": "c2e4b9a7a1c80bd9",
            "type": "leaf",
            "state": {
              "type": "outline",
              "state": {
                "file": "B3. Resources/Metodologia de Pesquisa para Ciência da Computação, Raul Sidnei WAZLAWICK.md"
              }
            }
          }
        ]
      }
    ],
    "direction": "horizontal",
    "width": 300,
    "collapsed": true
  },
  "left-ribbon": {
    "hiddenItems": {
      "switcher:Open quick switcher": false,
      "graph:Open graph view": false,
      "canvas:Create new canvas": false,
      "daily-notes:Open today's daily note": false,
      "templates:Insert template": false,
      "command-palette:Open command palette": false
    }
  },
  "active": "7f2715e549f9e723",
  "lastOpenFiles": [
    "B2. Areas/Software/UML.md",
    "B2. Areas/Software/Stakeholder.md",
    "B2. Areas/Software/Requisitos não funcionais.md",
    "B2. Areas/Software/Requisitos funcionais.md",
    "B2. Areas/Software/Regras de negócio.md",
    "B2. Areas/Software/MOF.md",
    "B2. Areas/Software/modelo SQUAD.md",
    "B2. Areas/Software/Modelagem de negócio.md",
    "B2. Areas/Software/Engenharia de Requisitos.md",
    "B2. Areas/Software/E6. Consulta médica.md",
    "B2. Areas/Software/E5. Passagens corporativas.md",
    "B2. Areas/Software/E4. Pedido de Pizza.md",
    "B2. Areas/Software/E3. Envio de encomendas.md",
    "B2. Areas/Software/E2. Gestão de Incidentes.md",
    "B2. Areas/Software/E1. Tratamento de tickets.md",
    "B2. Areas/Software/Casos de uso.md",
    "B2. Areas/Software/BPMN.md",
    "B1. Projects/Projeto de extensão/Software - Recurso Teraupetico Ocupacional para Estimulação Congnitiva do Idoso.pdf",
    "B1. Projects/Projeto de extensão/Regras de negócio.md",
    "B1. Projects/Projeto de extensão/Estimulação cognitiva do idoso.md",
    "B1. Projects/Projeto de extensão/Aplicativos móveis para estimulação cognitiva de idosos em processo demencial - RSL.pdf",
    "A1. Attachments/Pasted image 20240605194234.png",
    "A1. Attachments/Pasted image 20240605193935.png",
    "A1. Attachments/Pasted image 20240605192004.png",
    "A1. Attachments/Pasted image 20240524163929.png",
    "A1. Attachments/Pasted image 20240524163925.png",
    "A1. Attachments/Pasted image 20240524163913.png",
    "A1. Attachments/Pasted image 20240524163847.png",
    "A1. Attachments/Pasted image 20240524163247.png",
    "A1. Attachments/Pasted image 20240522204149.png",
    "A1. Attachments/Pasted image 20240522195147.png",
    "B3. Resources/Metodologia de Pesquisa para Ciência da Computação, Raul Sidnei WAZLAWICK.md",
    "A0. Inbox/escopo pra m3.md",
    "A0. Inbox/Engenharia de requisitos.md",
    "A0. Inbox/escopo para a m2.md",
    "A0. Inbox/Atividade de modelagem de negócio.md",
    "A0. Inbox/Prototipação.md",
    "Untitled",
    "B2. Areas/Modelagem",
    "B1. Projects/Projeto de extensão",
    "criando uma pasta/criao utra pasta",
    "criando uma pasta",
    "A1. Attachments",
    "B2. Areas/Psicologia",
    "B2. Areas/Software",
    "Untitled.canvas"
  ]
}